date;fx
19.09.00;27.73
20.09.00;27.77
21.09.00;27.82
22.09.00;27.82
23.09.00;27.79
26.09.00;27.85
27.09.00;27.82
28.09.00;27.81
29.09.00;27.75
30.09.00;27.75
03.10.00;27.76
04.10.00;27.76
05.10.00;27.81
06.10.00;27.86
07.10.00;27.88
10.10.00;27.88
11.10.00;27.94
12.10.00;27.86
13.10.00;27.91
14.10.00;27.9
17.10.00;27.83
18.10.00;27.8
19.10.00;27.87
20.10.00;27.93
21.10.00;27.93
24.10.00;27.93
25.10.00;27.91
26.10.00;27.87
27.10.00;27.92
28.10.00;27.89
31.10.00;27.83
01.11.00;27.82
02.11.00;27.86
03.11.00;27.84
04.11.00;27.81
05.11.00;27.81
09.11.00;27.79
10.11.00;27.72
11.11.00;27.78
14.11.00;27.77
15.11.00;27.7
16.11.00;27.67
17.11.00;27.76
18.11.00;27.81
21.11.00;27.83
22.11.00;27.83
23.11.00;27.85
24.11.00;27.85
25.11.00;27.88
28.11.00;27.86
29.11.00;27.86
30.11.00;27.85
01.12.00;27.89
02.12.00;27.89
05.12.00;27.91
06.12.00;27.95
07.12.00;27.93
08.12.00;27.93
09.12.00;27.95
10.12.00;27.95
14.12.00;27.97
15.12.00;27.92
16.12.00;27.97
19.12.00;27.95
20.12.00;27.95
21.12.00;27.96
22.12.00;27.96
23.12.00;27.97
26.12.00;27.97
27.12.00;28.07
28.12.00;28.16
29.12.00;28.16
30.12.00;28.16
04.01.01;28.16
05.01.01;28.48
06.01.01;28.43
10.01.01;28.39
11.01.01;28.38
12.01.01;28.39
13.01.01;28.35
16.01.01;28.35
17.01.01;28.32
18.01.01;28.39
19.01.01;28.36
20.01.01;28.34
23.01.01;28.37
24.01.01;28.39
25.01.01;28.39
26.01.01;28.4
27.01.01;28.36
30.01.01;28.36
31.01.01;28.37
01.02.01;28.4
02.02.01;28.44
03.02.01;28.45
06.02.01;28.44
07.02.01;28.45
08.02.01;28.47
09.02.01;28.5
10.02.01;28.59
13.02.01;28.68
14.02.01;28.68
15.02.01;28.67
16.02.01;28.68
17.02.01;28.66
20.02.01;28.66
21.02.01;28.69
22.02.01;28.65
23.02.01;28.61
24.02.01;28.68
27.02.01;28.76
28.02.01;28.72
01.03.01;28.62
02.03.01;28.62
03.03.01;28.65
06.03.01;28.66
07.03.01;28.63
08.03.01;28.62
12.03.01;28.62
13.03.01;28.67
14.03.01;28.65
15.03.01;28.66
16.03.01;28.66
17.03.01;28.66
20.03.01;28.65
21.03.01;28.62
22.03.01;28.65
23.03.01;28.76
24.03.01;28.76
27.03.01;28.76
28.03.01;28.73
29.03.01;28.76
30.03.01;28.76
31.03.01;28.74
03.04.01;28.77
04.04.01;28.86
05.04.01;28.86
06.04.01;28.86
07.04.01;28.86
10.04.01;28.84
11.04.01;28.79
12.04.01;28.87
13.04.01;28.86
14.04.01;28.82
17.04.01;28.85
18.04.01;28.86
19.04.01;28.87
20.04.01;28.9
21.04.01;28.88
24.04.01;28.84
25.04.01;28.85
26.04.01;28.9
27.04.01;28.86
28.04.01;28.83
29.04.01;28.83
04.05.01;28.88
05.05.01;28.96
08.05.01;28.96
09.05.01;28.96
11.05.01;28.95
12.05.01;28.96
15.05.01;28.99
16.05.01;29.04
17.05.01;29.02
18.05.01;29.07
19.05.01;29.09
22.05.01;29.09
23.05.01;29.08
24.05.01;29.07
25.05.01;29.08
26.05.01;29.07
29.05.01;29.07
30.05.01;29.1
31.05.01;29.09
01.06.01;29.14
02.06.01;29.15
05.06.01;29.16
06.06.01;29.16
07.06.01;29.16
08.06.01;29.16
09.06.01;29.13
10.06.01;29.13
14.06.01;29.12
15.06.01;29.08
16.06.01;29.07
19.06.01;29.05
20.06.01;29.09
21.06.01;29.14
22.06.01;29.08
23.06.01;29.1
26.06.01;29.1
27.06.01;29.09
28.06.01;29.12
29.06.01;29.11
30.06.01;29.07
03.07.01;29.16
04.07.01;29.18
05.07.01;29.18
06.07.01;29.17
07.07.01;29.17
10.07.01;29.22
11.07.01;29.23
12.07.01;29.2
13.07.01;29.21
14.07.01;29.2
17.07.01;29.23
18.07.01;29.21
19.07.01;29.24
20.07.01;29.27
21.07.01;29.28
24.07.01;29.25
25.07.01;29.28
26.07.01;29.25
27.07.01;29.23
28.07.01;29.25
31.07.01;29.27
01.08.01;29.32
02.08.01;29.3
03.08.01;29.33
04.08.01;29.36
07.08.01;29.34
08.08.01;29.31
09.08.01;29.31
10.08.01;29.34
11.08.01;29.34
14.08.01;29.31
15.08.01;29.33
16.08.01;29.34
17.08.01;29.35
18.08.01;29.36
21.08.01;29.37
22.08.01;29.35
23.08.01;29.35
24.08.01;29.37
25.08.01;29.37
28.08.01;29.35
29.08.01;29.36
30.08.01;29.36
31.08.01;29.37
01.09.01;29.41
04.09.01;29.41
05.09.01;29.45
06.09.01;29.45
07.09.01;29.45
08.09.01;29.43
11.09.01;29.43
12.09.01;29.44
13.09.01;29.45
14.09.01;29.47
15.09.01;29.45
18.09.01;29.44
19.09.01;29.43
20.09.01;29.45
21.09.01;29.43
22.09.01;29.4
25.09.01;29.42
26.09.01;29.43
27.09.01;29.4
28.09.01;29.4
29.09.01;29.39
02.10.01;29.43
03.10.01;29.45
04.10.01;29.48
05.10.01;29.5
06.10.01;29.52
09.10.01;29.52
10.10.01;29.52
11.10.01;29.5
12.10.01;29.53
13.10.01;29.5
16.10.01;29.51
17.10.01;29.49
18.10.01;29.54
19.10.01;29.55
20.10.01;29.55
23.10.01;29.54
24.10.01;29.54
25.10.01;29.57
26.10.01;29.59
27.10.01;29.63
30.10.01;29.68
31.10.01;29.7
01.11.01;29.68
02.11.01;29.7
03.11.01;29.73
06.11.01;29.74
07.11.01;29.68
09.11.01;29.68
10.11.01;29.71
13.11.01;29.71
14.11.01;29.72
15.11.01;29.72
16.11.01;29.76
17.11.01;29.78
20.11.01;29.8
21.11.01;29.91
22.11.01;29.9
23.11.01;29.9
24.11.01;29.93
27.11.01;29.93
28.11.01;29.93
29.11.01;29.93
30.11.01;29.9
01.12.01;29.9
04.12.01;29.93
05.12.01;29.93
06.12.01;29.94
07.12.01;29.92
08.12.01;29.95
11.12.01;30.09
12.12.01;30.08
14.12.01;30.19
15.12.01;30.18
18.12.01;30.3
19.12.01;30.28
20.12.01;30.28
21.12.01;30.26
22.12.01;30.08
25.12.01;30.12
26.12.01;30.12
27.12.01;30.21
28.12.01;30.14
01.01.02;30.1372
04.01.02;30.1372
05.01.02;30.1372
09.01.02;30.1372
10.01.02;30.5753
11.01.02;30.4999
12.01.02;30.4399
15.01.02;30.4491
16.01.02;30.4751
17.01.02;30.4778
18.01.02;30.5798
19.01.02;30.5788
22.01.02;30.5788
23.01.02;30.5572
24.01.02;30.5596
25.01.02;30.538
26.01.02;30.5949
29.01.02;30.6623
30.01.02;30.654
31.01.02;30.685
01.02.02;30.6797
02.02.02;30.6827
05.02.02;30.7299
06.02.02;30.7246
07.02.02;30.7318
08.02.02;30.7236
09.02.02;30.7644
12.02.02;30.8163
13.02.02;30.8421
14.02.02;30.8438
15.02.02;30.8281
16.02.02;30.8206
19.02.02;30.8206
20.02.02;30.8949
21.02.02;30.884
22.02.02;30.858
23.02.02;30.8409
27.02.02;30.8949
28.02.02;30.9274
01.03.02;30.9404
02.03.02;30.9436
05.03.02;30.9949
06.03.02;30.9909
07.03.02;30.9946
08.03.02;30.9946
12.03.02;31.0632
13.03.02;31.0545
14.03.02;31.0758
15.03.02;31.0237
16.03.02;31.071
19.03.02;31.1119
20.03.02;31.1248
21.03.02;31.1325
22.03.02;31.1276
23.03.02;31.1168
26.03.02;31.151
27.03.02;31.1353
28.03.02;31.1147
29.03.02;31.0686
30.03.02;31.1192
02.04.02;31.1741
03.04.02;31.1733
04.04.02;31.1933
05.04.02;31.184
06.04.02;31.182
09.04.02;31.1893
10.04.02;31.1644
11.04.02;31.1679
12.04.02;31.1982
13.04.02;31.1734
16.04.02;31.1522
17.04.02;31.1498
18.04.02;31.1517
19.04.02;31.1649
20.04.02;31.1711
23.04.02;31.1516
24.04.02;31.1498
25.04.02;31.1579
26.04.02;31.1783
27.04.02;31.1977
28.04.02;31.1977
30.04.02;31.1963
01.05.02;31.1951
07.05.02;31.1967
08.05.02;31.1951
09.05.02;31.2119
14.05.02;31.2471
15.05.02;31.2453
16.05.02;31.2468
17.05.02;31.2554
18.05.02;31.2553
19.05.02;31.2553
21.05.02;31.2551
22.05.02;31.255
23.05.02;31.2652
24.05.02;31.275
25.05.02;31.285
28.05.02;31.285
29.05.02;31.3043
30.05.02;31.3071
31.05.02;31.3071
01.06.02;31.3058
04.06.02;31.3136
05.06.02;31.3272
06.06.02;31.3521
07.06.02;31.3924
08.06.02;31.397
11.06.02;31.4046
12.06.02;31.3928
14.06.02;31.3958
15.06.02;31.3965
18.06.02;31.3903
19.06.02;31.4115
20.06.02;31.4337
21.06.02;31.437
22.06.02;31.4531
25.06.02;31.4725
26.06.02;31.4758
27.06.02;31.4608
28.06.02;31.439
29.06.02;31.4471
02.07.02;31.5002
03.07.02;31.5124
04.07.02;31.5128
05.07.02;31.5128
06.07.02;31.5156
09.07.02;31.53
10.07.02;31.5533
11.07.02;31.5476
12.07.02;31.5437
13.07.02;31.5555
16.07.02;31.4948
17.07.02;31.4779
18.07.02;31.5395
19.07.02;31.5394
20.07.02;31.5332
23.07.02;31.5056
24.07.02;31.5015
25.07.02;31.5035
26.07.02;31.5333
27.07.02;31.5069
30.07.02;31.4701
31.07.02;31.4401
01.08.02;31.4568
02.08.02;31.5238
03.08.02;31.5502
06.08.02;31.5409
07.08.02;31.5324
08.08.02;31.5542
09.08.02;31.5581
10.08.02;31.5828
13.08.02;31.5612
14.08.02;31.5321
15.08.02;31.5405
16.08.02;31.5608
17.08.02;31.5668
20.08.02;31.555
21.08.02;31.565
22.08.02;31.5735
23.08.02;31.5711
24.08.02;31.5725
27.08.02;31.5803
28.08.02;31.5542
29.08.02;31.5752
30.08.02;31.5744
31.08.02;31.5673
03.09.02;31.5673
04.09.02;31.6053
05.09.02;31.6117
06.09.02;31.6113
07.09.02;31.6123
10.09.02;31.6268
11.09.02;31.6302
12.09.02;31.6409
13.09.02;31.6493
14.09.02;31.6415
17.09.02;31.6297
18.09.02;31.6244
19.09.02;31.6251
20.09.02;31.6425
21.09.02;31.6379
24.09.02;31.6325
25.09.02;31.6354
26.09.02;31.6382
27.09.02;31.635
28.09.02;31.6358
01.10.02;31.6827
02.10.02;31.6919
03.10.02;31.6982
04.10.02;31.6809
05.10.02;31.68
08.10.02;31.6795
09.10.02;31.6799
10.10.02;31.6803
11.10.02;31.6685
12.10.02;31.6703
15.10.02;31.6703
16.10.02;31.6762
17.10.02;31.6767
18.10.02;31.6761
19.10.02;31.6727
22.10.02;31.6973
23.10.02;31.7272
24.10.02;31.7159
25.10.02;31.7109
26.10.02;31.7314
29.10.02;31.7411
30.10.02;31.6977
31.10.02;31.7408
01.11.02;31.7701
02.11.02;31.7646
05.11.02;31.7744
06.11.02;31.7909
07.11.02;31.7756
11.11.02;31.7756
12.11.02;31.7756
13.11.02;31.8226
14.11.02;31.8157
15.11.02;31.8203
16.11.02;31.8225
19.11.02;31.8231
20.11.02;31.8224
21.11.02;31.823
22.11.02;31.8248
23.11.02;31.8222
26.11.02;31.8416
27.11.02;31.8382
28.11.02;31.84
29.11.02;31.84
30.11.02;31.8424
03.12.02;31.8547
04.12.02;31.8584
05.12.02;31.8596
06.12.02;31.8578
07.12.02;31.86
10.12.02;31.8597
11.12.02;31.8583
12.12.02;31.86
16.12.02;31.86
17.12.02;31.8527
18.12.02;31.8588
19.12.02;31.8574
20.12.02;31.8542
21.12.02;31.845
24.12.02;31.7966
25.12.02;31.7919
26.12.02;31.7919
27.12.02;31.791
28.12.02;31.7844
31.12.02;31.7844
01.01.03;31.7844
05.01.03;31.7844
06.01.03;31.7844
09.01.03;31.8846
10.01.03;31.882
11.01.03;31.8327
14.01.03;31.8253
15.01.03;31.835
16.01.03;31.8139
17.01.03;31.8071
18.01.03;31.8224
21.01.03;31.8224
22.01.03;31.8003
23.01.03;31.8095
24.01.03;31.811
25.01.03;31.8015
28.01.03;31.8001
29.01.03;31.8001
30.01.03;31.8
31.01.03;31.8222
01.02.03;31.8345
04.02.03;31.8517
05.02.03;31.8354
06.02.03;31.8351
07.02.03;31.835
08.02.03;31.8352
11.02.03;31.8214
12.02.03;31.784
13.02.03;31.7101
14.02.03;31.6554
15.02.03;31.6406
18.02.03;31.6406
19.02.03;31.5503
20.02.03;31.581
21.02.03;31.5501
22.02.03;31.55
26.02.03;31.5875
27.02.03;31.6065
28.02.03;31.5762
01.03.03;31.5729
04.03.03;31.5956
05.03.03;31.5809
06.03.03;31.592
07.03.03;31.5891
08.03.03;31.5619
12.03.03;31.5076
13.03.03;31.4407
14.03.03;31.3818
15.03.03;31.382
18.03.03;31.3872
19.03.03;31.4077
20.03.03;31.3976
21.03.03;31.384
22.03.03;31.3811
25.03.03;31.3803
26.03.03;31.38
27.03.03;31.3829
28.03.03;31.38
29.03.03;31.3805
01.04.03;31.3801
02.04.03;31.3175
03.04.03;31.286
04.04.03;31.2908
05.04.03;31.2818
08.04.03;31.2798
09.04.03;31.2814
10.04.03;31.2821
11.04.03;31.2829
12.04.03;31.2849
15.04.03;31.2345
16.04.03;31.189
17.04.03;31.1905
18.04.03;31.1831
19.04.03;31.1899
22.04.03;31.1022
23.04.03;31.1025
24.04.03;31.1003
25.04.03;31.1
26.04.03;31.1
29.04.03;31.1
30.04.03;31.1
01.05.03;31.1021
06.05.03;31.1105
07.05.03;31.1184
08.05.03;31.1009
09.05.03;31.1001
13.05.03;31.0076
14.05.03;30.9801
15.05.03;30.9811
16.05.03;30.98
17.05.03;30.8902
20.05.03;30.89
21.05.03;30.89
22.05.03;30.8902
23.05.03;30.8316
24.05.03;30.8316
27.05.03;30.72
28.05.03;30.72
29.05.03;30.6186
30.05.03;30.6691
31.05.03;30.709
03.06.03;30.64
04.06.03;30.7427
05.06.03;30.7599
06.06.03;30.6478
07.06.03;30.5658
10.06.03;30.4613
11.06.03;30.5589
12.06.03;30.5123
17.06.03;30.4612
18.06.03;30.3805
19.06.03;30.38
20.06.03;30.3807
21.06.03;30.3807
22.06.03;30.3205
24.06.03;30.3546
25.06.03;30.3511
26.06.03;30.318
27.06.03;30.3396
28.06.03;30.3483
01.07.03;30.3809
02.07.03;30.3267
03.07.03;30.28
04.07.03;30.28
05.07.03;30.2906
08.07.03;30.3014
09.07.03;30.3574
10.07.03;30.4178
11.07.03;30.3642
12.07.03;30.3808
15.07.03;30.4955
16.07.03;30.5349
17.07.03;30.5175
18.07.03;30.4891
19.07.03;30.4316
22.07.03;30.3647
23.07.03;30.2976
24.07.03;30.3469
25.07.03;30.3557
26.07.03;30.322
29.07.03;30.2467
30.07.03;30.245
31.07.03;30.2596
01.08.03;30.2791
02.08.03;30.3031
05.08.03;30.332
06.08.03;30.2813
07.08.03;30.2979
08.08.03;30.3359
09.08.03;30.3977
12.08.03;30.3764
13.08.03;30.3524
14.08.03;30.3832
15.08.03;30.3287
16.08.03;30.3532
19.08.03;30.3246
20.08.03;30.3258
21.08.03;30.311
22.08.03;30.3251
23.08.03;30.31
26.08.03;30.3014
27.08.03;30.361
28.08.03;30.3916
29.08.03;30.5036
30.08.03;30.5036
02.09.03;30.5458
03.09.03;30.5547
04.09.03;30.604
05.09.03;30.6396
06.09.03;30.6844
09.09.03;30.7013
10.09.03;30.6407
11.09.03;30.6307
12.09.03;30.6565
13.09.03;30.659
16.09.03;30.7007
17.09.03;30.7007
18.09.03;30.68
19.09.03;30.5877
20.09.03;30.56
23.09.03;30.4909
24.09.03;30.4998
25.09.03;30.451
26.09.03;30.4721
27.09.03;30.4998
30.09.03;30.6119
01.10.03;30.6142
02.10.03;30.5693
03.10.03;30.4676
04.10.03;30.4382
07.10.03;30.4604
08.10.03;30.3819
09.10.03;30.3773
10.10.03;30.235
11.10.03;30.235
14.10.03;30.0552
15.10.03;30.2348
16.10.03;30.1235
17.10.03;30.1254
18.10.03;30.0741
21.10.03;30.0179
22.10.03;29.9319
23.10.03;29.9206
24.10.03;29.915
25.10.03;29.9156
28.10.03;30.0847
29.10.03;29.9335
30.10.03;29.8189
31.10.03;29.8584
01.11.03;29.9451
04.11.03;29.9441
05.11.03;29.8608
06.11.03;29.8124
07.11.03;29.8113
11.11.03;29.8113
12.11.03;29.804
13.11.03;29.8104
14.11.03;29.859
15.11.03;29.8186
18.11.03;29.7972
19.11.03;29.8004
20.11.03;29.7952
21.11.03;29.8084
22.11.03;29.7979
25.11.03;29.7356
26.11.03;29.736
27.11.03;29.736
28.11.03;29.7369
29.11.03;29.7387
02.12.03;29.7038
03.12.03;29.6995
04.12.03;29.695
05.12.03;29.6953
06.12.03;29.6322
09.12.03;29.5502
10.12.03;29.5529
11.12.03;29.5375
12.12.03;29.4394
16.12.03;29.3861
17.12.03;29.304
18.12.03;29.2522
19.12.03;29.2454
20.12.03;29.245
23.12.03;29.2719
24.12.03;29.245
25.12.03;29.245
26.12.03;29.245
27.12.03;29.2533
30.12.03;29.4545
31.12.03;29.4545
01.01.04;29.4545
06.01.04;29.4545
07.01.04;29.245
09.01.04;29.135
10.01.04;28.9918
13.01.04;28.8711
14.01.04;28.8841
15.01.04;28.8691
16.01.04;28.8795
17.01.04;28.8795
20.01.04;28.7961
21.01.04;28.7853
22.01.04;28.8026
23.01.04;28.6959
24.01.04;28.5514
27.01.04;28.4963
28.01.04;28.5139
29.01.04;28.485
30.01.04;28.4916
31.01.04;28.4937
03.02.04;28.5252
04.02.04;28.6205
05.02.04;28.5281
06.02.04;28.4906
07.02.04;28.5744
10.02.04;28.4939
11.02.04;28.5048
12.02.04;28.5312
13.02.04;28.518
14.02.04;28.518
17.02.04;28.4949
18.02.04;28.4878
19.02.04;28.4851
20.02.04;28.4959
21.02.04;28.4934
25.02.04;28.4931
26.02.04;28.4973
27.02.04;28.511
28.02.04;28.5156
02.03.04;28.5162
03.03.04;28.5321
04.03.04;28.5895
05.03.04;28.6654
06.03.04;28.6343
10.03.04;28.5216
11.03.04;28.5733
12.03.04;28.5726
13.03.04;28.5083
16.03.04;28.5064
17.03.04;28.5121
18.03.04;28.534
19.03.04;28.5005
20.03.04;28.5045
23.03.04;28.5121
24.03.04;28.4855
25.03.04;28.4852
26.03.04;28.4979
27.03.04;28.4891
30.03.04;28.4886
31.03.04;28.4853
01.04.04;28.5151
02.04.04;28.5024
03.04.04;28.5095
06.04.04;28.5385
07.04.04;28.541
08.04.04;28.5296
09.04.04;28.5172
10.04.04;28.5065
13.04.04;28.5535
14.04.04;28.5892
15.04.04;28.6221
16.04.04;28.6104
17.04.04;28.6223
20.04.04;28.6693
21.04.04;28.7662
22.04.04;28.9237
23.04.04;28.98
24.04.04;28.9671
27.04.04;29.0033
28.04.04;28.87
29.04.04;28.8636
30.04.04;28.8834
01.05.04;28.9612
06.05.04;28.8976
07.05.04;28.873
08.05.04;28.953
12.05.04;28.9862
13.05.04;29.0587
14.05.04;29.0772
15.05.04;29.0684
18.05.04;29.0436
19.05.04;28.9983
20.05.04;28.9924
21.05.04;28.9904
22.05.04;28.9863
25.05.04;28.9916
26.05.04;28.9763
27.05.04;28.9817
28.05.04;28.985
29.05.04;28.985
01.06.04;28.9993
02.06.04;29.0053
03.06.04;29.0511
04.06.04;29.0859
05.06.04;29.0658
08.06.04;29.0346
09.06.04;29.0219
10.06.04;29.0337
11.06.04;29.0424
12.06.04;29.0287
16.06.04;29.02
17.06.04;29.0199
18.06.04;29.029
19.06.04;29.0257
22.06.04;29.017
23.06.04;29.0206
24.06.04;29.0243
25.06.04;29.0218
26.06.04;29.0256
29.06.04;29.0242
30.06.04;29.0274
01.07.04;29.0471
02.07.04;29.0388
03.07.04;29.0409
06.07.04;29.0356
07.07.04;29.0402
08.07.04;29.0639
09.07.04;29.1019
10.07.04;29.11
13.07.04;29.1332
14.07.04;29.1248
15.07.04;29.1037
16.07.04;29.077
17.07.04;29.0908
20.07.04;29.0805
21.07.04;29.0815
22.07.04;29.0882
23.07.04;29.0891
24.07.04;29.083
27.07.04;29.0928
28.07.04;29.0832
29.07.04;29.0871
30.07.04;29.0891
31.07.04;29.1019
03.08.04;29.1405
04.08.04;29.1829
05.08.04;29.1764
06.08.04;29.1761
07.08.04;29.1907
10.08.04;29.2491
11.08.04;29.2381
12.08.04;29.2519
13.08.04;29.276
14.08.04;29.2579
17.08.04;29.2229
18.08.04;29.2152
19.08.04;29.2176
20.08.04;29.2325
21.08.04;29.2199
24.08.04;29.2178
25.08.04;29.2208
26.08.04;29.2225
27.08.04;29.2226
28.08.04;29.2289
31.08.04;29.2447
01.09.04;29.2591
02.09.04;29.2552
03.09.04;29.2322
04.09.04;29.2307
07.09.04;29.2183
08.09.04;29.2187
09.09.04;29.2239
10.09.04;29.2173
11.09.04;29.2166
14.09.04;29.2151
15.09.04;29.2162
16.09.04;29.2151
17.09.04;29.2187
18.09.04;29.2214
21.09.04;29.2154
22.09.04;29.2165
23.09.04;29.2172
24.09.04;29.2146
25.09.04;29.2151
28.09.04;29.2164
29.09.04;29.215
30.09.04;29.2171
01.10.04;29.2224
02.10.04;29.2175
05.10.04;29.2159
06.10.04;29.219
07.10.04;29.2215
08.10.04;29.2204
09.10.04;29.2218
12.10.04;29.1272
13.10.04;29.1152
14.10.04;29.1199
15.10.04;29.1154
16.10.04;29.1151
19.10.04;29.1191
20.10.04;29.1175
21.10.04;29.115
22.10.04;29.1154
23.10.04;28.9989
26.10.04;28.8673
27.10.04;28.7709
28.10.04;28.7674
29.10.04;28.7783
30.10.04;28.7655
02.11.04;28.7651
03.11.04;28.7778
04.11.04;28.7811
05.11.04;28.765
06.11.04;28.668
10.11.04;28.6502
11.11.04;28.6718
12.11.04;28.6889
13.11.04;28.6651
16.11.04;28.6696
17.11.04;28.6882
18.11.04;28.6687
19.11.04;28.5387
20.11.04;28.5455
23.11.04;28.5208
24.11.04;28.5217
25.11.04;28.4144
26.11.04;28.3205
27.11.04;28.2659
30.11.04;28.2367
01.12.04;28.1496
02.12.04;28.0161
03.12.04;27.9951
04.12.04;27.9271
07.12.04;27.8402
08.12.04;27.8741
09.12.04;27.9772
10.12.04;28.0293
11.12.04;28.1243
15.12.04;27.9955
16.12.04;27.9103
17.12.04;27.8372
18.12.04;27.8821
21.12.04;27.8917
22.12.04;27.8887
23.12.04;27.8389
24.12.04;27.8341
25.12.04;27.8251
28.12.04;27.7796
29.12.04;27.775
30.12.04;27.7487
31.12.04;27.7487
01.01.05;27.7487
12.01.05;27.9549
13.01.05;27.88
14.01.05;27.8677
15.01.05;27.9469
18.01.05;27.9668
19.01.05;28.1129
20.01.05;28.1573
21.01.05;28.1594
22.01.05;28.1569
25.01.05;28.0157
26.01.05;27.9804
27.01.05;28.1017
28.01.05;28.0025
29.01.05;28.0845
01.02.05;28.1136
02.02.05;27.9656
03.02.05;27.9665
04.02.05;28.0104
05.02.05;27.9833
08.02.05;28.1237
09.02.05;28.1872
10.02.05;28.133
11.02.05;28.0853
12.02.05;28.0688
15.02.05;28.0306
16.02.05;28.0207
17.02.05;28.0016
18.02.05;27.9998
19.02.05;27.9359
22.02.05;27.9365
23.02.05;27.8312
25.02.05;27.745
26.02.05;27.7738
01.03.05;27.7007
02.03.05;27.7091
03.03.05;27.699
04.03.05;27.7245
05.03.05;27.7518
06.03.05;27.6698
10.03.05;27.5562
11.03.05;27.4637
12.03.05;27.4629
15.03.05;27.477
16.03.05;27.4902
17.03.05;27.489
18.03.05;27.4611
19.03.05;27.4827
22.03.05;27.5442
23.03.05;27.5764
24.03.05;27.6381
25.03.05;27.697
26.03.05;27.7112
29.03.05;27.8198
30.03.05;27.8313
31.03.05;27.8256
01.04.05;27.8548
02.04.05;27.8831
05.04.05;27.8926
06.04.05;27.9394
07.04.05;27.8739
08.04.05;27.8085
09.04.05;27.8789
12.04.05;27.7933
13.04.05;27.765
14.04.05;27.7907
15.04.05;27.8291
16.04.05;27.9031
19.04.05;27.8222
20.04.05;27.7543
21.04.05;27.7241
22.04.05;27.7074
23.04.05;27.7304
26.04.05;27.7463
27.04.05;27.7586
28.04.05;27.8055
29.04.05;27.794
30.04.05;27.7726
04.05.05;27.8364
05.05.05;27.7896
06.05.05;27.7845
07.05.05;27.7852
12.05.05;27.816
13.05.05;27.8677
14.05.05;27.9237
17.05.05;28.0223
18.05.05;27.9929
19.05.05;28.0055
20.05.05;27.9608
21.05.05;27.9719
24.05.05;28.0619
25.05.05;28.0327
26.05.05;28.0367
27.05.05;28.0638
28.05.05;28.0813
31.05.05;28.0919
01.06.05;28.1946
02.06.05;28.2885
03.06.05;28.375
04.06.05;28.3761
07.06.05;28.429
08.06.05;28.4133
09.06.05;28.3766
10.06.05;28.4457
11.06.05;28.4671
15.06.05;28.5658
16.06.05;28.6237
17.06.05;28.6024
18.06.05;28.5841
21.06.05;28.4765
22.06.05;28.5497
23.06.05;28.5528
24.06.05;28.6193
25.06.05;28.6787
28.06.05;28.5802
29.06.05;28.584
30.06.05;28.6721
01.07.05;28.6282
02.07.05;28.6794
05.07.05;28.8005
06.07.05;28.8333
07.07.05;28.8185
08.07.05;28.831
09.07.05;28.8374
12.07.05;28.7154
13.07.05;28.5938
14.07.05;28.5678
15.07.05;28.6679
16.07.05;28.6269
19.07.05;28.6726
20.07.05;28.7252
21.07.05;28.6744
22.07.05;28.6012
23.07.05;28.5792
26.07.05;28.6898
27.07.05;28.6888
28.07.05;28.7304
29.07.05;28.6817
30.07.05;28.6341
02.08.05;28.595
03.08.05;28.5826
04.08.05;28.604
05.08.05;28.4854
06.08.05;28.4171
09.08.05;28.4355
10.08.05;28.3791
11.08.05;28.3931
12.08.05;28.3788
13.08.05;28.3122
16.08.05;28.3815
17.08.05;28.4161
18.08.05;28.473
19.08.05;28.4936
20.08.05;28.6003
23.08.05;28.5852
24.08.05;28.5494
25.08.05;28.5844
26.08.05;28.4572
27.08.05;28.4505
30.08.05;28.4368
31.08.05;28.545
01.09.05;28.5566
02.09.05;28.4637
03.09.05;28.3037
06.09.05;28.1977
07.09.05;28.2108
08.09.05;28.2015
09.09.05;28.2562
10.09.05;28.2517
13.09.05;28.3566
14.09.05;28.3856
15.09.05;28.316
16.09.05;28.3698
17.09.05;28.3026
20.09.05;28.4582
21.09.05;28.4065
22.09.05;28.3812
23.09.05;28.3603
24.09.05;28.432
27.09.05;28.5463
28.09.05;28.5678
29.09.05;28.5366
30.09.05;28.4989
01.10.05;28.5348
04.10.05;28.6132
05.10.05;28.643
06.10.05;28.6157
07.10.05;28.5207
08.10.05;28.4577
11.10.05;28.4708
12.10.05;28.5562
13.10.05;28.625
14.10.05;28.599
15.10.05;28.5861
18.10.05;28.5291
19.10.05;28.614
20.10.05;28.6715
21.10.05;28.6219
22.10.05;28.5666
25.10.05;28.6248
26.10.05;28.6087
27.10.05;28.4633
28.10.05;28.4793
29.10.05;28.4244
01.11.05;28.503
02.11.05;28.581
03.11.05;28.5805
04.11.05;28.5544
08.11.05;28.7593
09.11.05;28.8389
10.11.05;28.828
11.11.05;28.8135
12.11.05;28.879
15.11.05;28.825
16.11.05;28.8503
17.11.05;28.838
18.11.05;28.876
19.11.05;28.8436
22.11.05;28.7745
23.11.05;28.8108
24.11.05;28.7267
25.11.05;28.741
26.11.05;28.7896
29.11.05;28.8698
30.11.05;28.7312
01.12.05;28.7792
02.12.05;28.816
03.12.05;28.9646
06.12.05;28.9978
07.12.05;28.9123
08.12.05;28.9261
09.12.05;28.9799
10.12.05;28.9258
13.12.05;28.8571
14.12.05;28.7135
15.12.05;28.661
16.12.05;28.6892
17.12.05;28.6523
20.12.05;28.64
21.12.05;28.6649
22.12.05;28.7629
23.12.05;28.84
24.12.05;28.7799
27.12.05;28.8059
28.12.05;28.8177
29.12.05;28.7472
30.12.05;28.79
31.12.05;28.7825
11.01.06;28.4821
12.01.06;28.4834
13.01.06;28.3966
14.01.06;28.474
17.01.06;28.3007
18.01.06;28.2697
19.01.06;28.3023
20.01.06;28.2863
21.01.06;28.2909
24.01.06;28.0512
25.01.06;27.9898
26.01.06;27.9805
27.01.06;27.9698
28.01.06;28.024
31.01.06;28.1207
01.02.06;28.1305
02.02.06;28.1042
03.02.06;28.1901
04.02.06;28.1732
07.02.06;28.2349
08.02.06;28.2524
09.02.06;28.2642
10.02.06;28.2496
11.02.06;28.2411
14.02.06;28.2369
15.02.06;28.1844
16.02.06;28.1994
17.02.06;28.2225
18.02.06;28.2182
21.02.06;28.1451
22.02.06;28.1908
23.02.06;28.1827
27.02.06;28.155
28.02.06;28.1223
01.03.06;28.1211
02.03.06;28.0245
03.03.06;28.0279
04.03.06;27.9305
07.03.06;27.881
08.03.06;27.9945
10.03.06;28
11.03.06;28.0203
14.03.06;28.0079
15.03.06;27.9929
16.03.06;27.8432
17.03.06;27.8171
18.03.06;27.7028
21.03.06;27.6615
22.03.06;27.7027
23.03.06;27.7383
24.03.06;27.768
25.03.06;27.847
28.03.06;27.773
29.03.06;27.8019
30.03.06;27.8043
31.03.06;27.7626
01.04.06;27.6996
04.04.06;27.7737
05.04.06;27.6921
06.04.06;27.5602
07.04.06;27.5332
08.04.06;27.6077
11.04.06;27.7085
12.04.06;27.6797
13.04.06;27.6625
14.04.06;27.6985
15.04.06;27.7002
18.04.06;27.6336
19.04.06;27.5675
20.04.06;27.465
21.04.06;27.4666
22.04.06;27.5198
25.04.06;27.4331
26.04.06;27.4244
27.04.06;27.3921
28.04.06;27.3621
29.04.06;27.2739
03.05.06;27.2424
04.05.06;27.159
05.05.06;27.2085
06.05.06;27.1258
07.05.06;27.0801
11.05.06;27.0359
12.05.06;27.0755
13.05.06;26.9431
16.05.06;26.9187
17.05.06;27.0209
18.05.06;26.9569
19.05.06;27.0663
20.05.06;26.9987
23.05.06;27.0965
24.05.06;26.9876
25.05.06;27.0168
26.05.06;27.0381
27.05.06;27.0349
30.05.06;27.0652
31.05.06;26.984
01.06.06;26.9355
02.06.06;27.0474
03.06.06;26.8868
06.06.06;26.7089
07.06.06;26.7331
08.06.06;26.8582
09.06.06;26.8801
10.06.06;27.0079
14.06.06;27.0836
15.06.06;27.0895
16.06.06;27.0369
17.06.06;26.9869
20.06.06;27.0379
21.06.06;27.045
22.06.06;27.0163
23.06.06;26.9738
24.06.06;27.0491
27.06.06;27.1021
28.06.06;27.0334
29.06.06;27.0611
30.06.06;27.0789
01.07.06;26.9423
04.07.06;26.8735
05.07.06;26.8397
06.07.06;26.8559
07.07.06;26.9111
08.07.06;26.8781
11.07.06;26.8558
12.07.06;26.9125
13.07.06;26.867
14.07.06;26.9189
15.07.06;26.9631
18.07.06;26.9277
19.07.06;27.0194
20.07.06;27.0554
21.07.06;26.9674
22.07.06;26.9122
25.07.06;26.9223
26.07.06;26.9073
27.07.06;26.9878
28.07.06;26.8431
29.07.06;26.8718
01.08.06;26.8197
02.08.06;26.8416
03.08.06;26.7605
04.08.06;26.804
05.08.06;26.771
08.08.06;26.6962
09.08.06;26.7348
10.08.06;26.7391
11.08.06;26.6738
12.08.06;26.793
15.08.06;26.8189
16.08.06;26.8337
17.08.06;26.7804
18.08.06;26.7225
19.08.06;26.7364
22.08.06;26.705
23.08.06;26.6964
24.08.06;26.7614
25.08.06;26.7863
26.08.06;26.7998
29.08.06;26.7672
30.08.06;26.7446
31.08.06;26.7379
01.09.06;26.7295
02.09.06;26.7542
05.09.06;26.7222
06.09.06;26.6406
07.09.06;26.6714
08.09.06;26.6708
09.09.06;26.7625
12.09.06;26.7965
13.09.06;26.7764
14.09.06;26.798
15.09.06;26.8015
16.09.06;26.7667
19.09.06;26.8048
20.09.06;26.7715
21.09.06;26.7974
22.09.06;26.7674
23.09.06;26.6712
26.09.06;26.6665
27.09.06;26.7263
28.09.06;26.7944
29.09.06;26.7498
30.09.06;26.7799
03.10.06;26.7948
04.10.06;26.7335
05.10.06;26.7671
06.10.06;26.7803
07.10.06;26.8102
10.10.06;26.8919
11.10.06;26.889
12.10.06;26.9537
13.10.06;26.9508
14.10.06;26.9314
17.10.06;26.969
18.10.06;26.9445
19.10.06;26.9288
20.10.06;26.9351
21.10.06;26.851
24.10.06;26.8804
25.10.06;26.9307
26.10.06;26.9025
27.10.06;26.8305
28.10.06;26.7884
31.10.06;26.7477
01.11.06;26.7811
02.11.06;26.7285
03.11.06;26.7277
04.11.06;26.7007
08.11.06;26.7218
09.11.06;26.7044
10.11.06;26.6982
11.11.06;26.6195
14.11.06;26.6194
15.11.06;26.6509
16.11.06;26.6548
17.11.06;26.6551
18.11.06;26.6888
21.11.06;26.6402
22.11.06;26.6548
23.11.06;26.6122
24.11.06;26.556
25.11.06;26.5199
28.11.06;26.3666
29.11.06;26.3503
30.11.06;26.3147
01.12.06;26.3081
02.12.06;26.2465
05.12.06;26.2056
06.12.06;26.184
07.12.06;26.1883
08.12.06;26.1917
09.12.06;26.2356
12.12.06;26.2977
13.12.06;26.2609
14.12.06;26.2332
15.12.06;26.2645
16.12.06;26.3298
19.12.06;26.3884
20.12.06;26.383
21.12.06;26.2759
22.12.06;26.2928
23.12.06;26.2941
26.12.06;26.3528
27.12.06;26.36
28.12.06;26.3365
29.12.06;26.3789
30.12.06;26.3311
10.01.07;26.4465
11.01.07;26.4898
12.01.07;26.532
13.01.07;26.577
16.01.07;26.5645
17.01.07;26.5481
18.01.07;26.5646
19.01.07;26.5343
20.01.07;26.5075
23.01.07;26.5214
24.01.07;26.524
25.01.07;26.4879
26.01.07;26.5018
27.01.07;26.5575
30.01.07;26.5747
31.01.07;26.5331
01.02.07;26.5484
02.02.07;26.4882
03.02.07;26.48
06.02.07;26.5288
07.02.07;26.5543
08.02.07;26.504
09.02.07;26.3945
10.02.07;26.3473
13.02.07;26.3414
14.02.07;26.3759
15.02.07;26.306
16.02.07;26.2314
17.02.07;26.2358
20.02.07;26.2131
21.02.07;26.1964
22.02.07;26.1967
23.02.07;26.2474
27.02.07;26.173
28.02.07;26.1599
01.03.07;26.1481
02.03.07;26.1366
03.03.07;26.174
06.03.07;26.2147
07.03.07;26.2432
08.03.07;26.2352
10.03.07;26.2086
13.03.07;26.2278
14.03.07;26.1873
15.03.07;26.1491
16.03.07;26.13
17.03.07;26.0476
20.03.07;26.0419
21.03.07;26.0414
22.03.07;26.0335
23.03.07;25.9709
24.03.07;26.0109
27.03.07;26.077
28.03.07;26.018
29.03.07;25.9956
30.03.07;26.0204
31.03.07;26.0113
03.04.07;25.9947
04.04.07;25.9839
05.04.07;26.0094
06.04.07;25.9871
07.04.07;25.9252
10.04.07;25.9846
11.04.07;25.921
12.04.07;25.9181
13.04.07;25.8647
14.04.07;25.8286
17.04.07;25.7966
18.04.07;25.7994
19.04.07;25.7469
20.04.07;25.7657
21.04.07;25.724
24.04.07;25.7617
25.04.07;25.776
26.04.07;25.6948
27.04.07;25.6934
28.04.07;25.7446
29.04.07;25.6851
03.05.07;25.7564
04.05.07;25.7288
05.05.07;25.7691
08.05.07;25.7351
09.05.07;25.7334
11.05.07;25.7771
12.05.07;25.8594
15.05.07;25.8067
16.05.07;25.7927
17.05.07;25.7376
18.05.07;25.8074
19.05.07;25.8492
22.05.07;25.8388
23.05.07;25.8831
24.05.07;25.8964
25.05.07;25.9002
26.05.07;25.9152
29.05.07;25.8884
30.05.07;25.9029
31.05.07;25.9031
01.06.07;25.9043
02.06.07;25.8983
05.06.07;25.8928
06.06.07;25.8493
07.06.07;25.818
08.06.07;25.8428
09.06.07;25.9247
10.06.07;25.9811
14.06.07;26.042
15.06.07;26.0465
16.06.07;26.0323
19.06.07;25.9558
20.06.07;25.9268
21.06.07;25.9372
22.06.07;25.9692
23.06.07;25.9356
26.06.07;25.901
27.06.07;25.7781
28.06.07;25.8468
29.06.07;25.7965
30.06.07;25.8162
03.07.07;25.7288
04.07.07;25.6574
05.07.07;25.6629
06.07.07;25.6742
07.07.07;25.7305
10.07.07;25.7016
11.07.07;25.6586
12.07.07;25.5363
13.07.07;25.5167
14.07.07;25.4936
17.07.07;25.4728
18.07.07;25.4563
19.07.07;25.4401
20.07.07;25.4216
21.07.07;25.4144
24.07.07;25.3853
25.07.07;25.3964
26.07.07;25.4132
27.07.07;25.4989
28.07.07;25.4963
31.07.07;25.5999
01.08.07;25.5448
02.08.07;25.6008
03.08.07;25.5945
04.08.07;25.5554
07.08.07;25.452
08.08.07;25.4702
09.08.07;25.4837
10.08.07;25.3444
11.08.07;25.507
14.08.07;25.4661
15.08.07;25.5319
16.08.07;25.6367
17.08.07;25.7379
18.08.07;25.7818
21.08.07;25.7408
22.08.07;25.8429
23.08.07;25.8405
24.08.07;25.7105
25.08.07;25.7609
28.08.07;25.6544
29.08.07;25.6753
30.08.07;25.763
31.08.07;25.6494
01.09.07;25.6262
04.09.07;25.5896
05.09.07;25.5982
06.09.07;25.6997
07.09.07;25.6639
08.09.07;25.6618
11.09.07;25.5708
12.09.07;25.5154
13.09.07;25.4056
14.09.07;25.3679
15.09.07;25.3422
18.09.07;25.3286
19.09.07;25.3547
20.09.07;25.1867
21.09.07;25.1258
22.09.07;25.054
25.09.07;25.0062
26.09.07;25.0315
27.09.07;24.9755
28.09.07;24.9619
29.09.07;24.9493
02.10.07;24.8784
03.10.07;24.9093
04.10.07;24.9297
05.10.07;25.0111
06.10.07;24.9814
09.10.07;24.98
10.10.07;25.0597
11.10.07;24.9842
12.10.07;24.9199
13.10.07;24.9216
16.10.07;24.923
17.10.07;24.9012
18.10.07;24.9275
19.10.07;24.8749
20.10.07;24.8494
23.10.07;24.8066
24.10.07;24.9225
25.10.07;24.8912
26.10.07;24.8508
27.10.07;24.7722
30.10.07;24.6983
31.10.07;24.7238
01.11.07;24.6724
02.11.07;24.6847
03.11.07;24.6674
07.11.07;24.6232
08.11.07;24.5123
09.11.07;24.483
10.11.07;24.4458
13.11.07;24.4946
14.11.07;24.5286
15.11.07;24.4917
16.11.07;24.462
17.11.07;24.5153
20.11.07;24.4975
21.11.07;24.4328
22.11.07;24.3391
23.11.07;24.3174
24.11.07;24.2649
27.11.07;24.3104
28.11.07;24.3111
29.11.07;24.3622
30.11.07;24.3506
01.12.07;24.4171
04.12.07;24.456
05.12.07;24.4733
06.12.07;24.4236
07.12.07;24.5506
08.12.07;24.5295
11.12.07;24.488
12.12.07;24.4174
13.12.07;24.4432
14.12.07;24.4286
15.12.07;24.5092
18.12.07;24.706
19.12.07;24.7236
20.12.07;24.7281
21.12.07;24.7529
22.12.07;24.7235
25.12.07;24.7307
26.12.07;24.7196
27.12.07;24.7019
28.12.07;24.6387
29.12.07;24.5398
30.12.07;24.5462
10.01.08;24.4387
11.01.08;24.4796
12.01.08;24.3671
15.01.08;24.2913
16.01.08;24.2858
17.01.08;24.3367
18.01.08;24.5043
19.01.08;24.5076
22.01.08;24.6456
23.01.08;24.8917
24.01.08;24.6325
25.01.08;24.6349
26.01.08;24.4386
29.01.08;24.5952
30.01.08;24.475
31.01.08;24.4764
01.02.08;24.4262
02.02.08;24.4201
05.02.08;24.4543
06.02.08;24.5211
07.02.08;24.6706
08.02.08;24.6466
09.02.08;24.7813
12.02.08;24.6715
13.02.08;24.6537
14.02.08;24.6655
15.02.08;24.6392
16.02.08;24.5861
19.02.08;24.5767
20.02.08;24.5206
21.02.08;24.5486
22.02.08;24.5299
23.02.08;24.4663
27.02.08;24.4558
28.02.08;24.1966
29.02.08;24.1159
01.03.08;24.0023
04.03.08;24.0103
05.03.08;24.048
06.03.08;24.0473
07.03.08;23.9349
08.03.08;23.8353
12.03.08;23.8587
13.03.08;23.8461
14.03.08;23.6924
15.03.08;23.649
18.03.08;23.5126
19.03.08;23.5325
20.03.08;23.5581
21.03.08;23.6781
22.03.08;23.7773
25.03.08;23.8351
26.03.08;23.701
27.03.08;23.6559
28.03.08;23.5171
29.03.08;23.5156
01.04.08;23.5027
02.04.08;23.5799
03.04.08;23.6706
04.04.08;23.6153
05.04.08;23.5982
08.04.08;23.6028
09.04.08;23.533
10.04.08;23.5437
11.04.08;23.4628
12.04.08;23.4825
15.04.08;23.5139
16.04.08;23.4549
17.04.08;23.4482
18.04.08;23.3703
19.04.08;23.3696
22.04.08;23.4704
23.04.08;23.4299
24.04.08;23.3448
25.04.08;23.4391
26.04.08;23.6007
29.04.08;23.6037
30.04.08;23.6471
01.05.08;23.6588
05.05.08;23.7939
06.05.08;23.7633
07.05.08;23.7456
08.05.08;23.7523
09.05.08;23.8833
13.05.08;23.8328
14.05.08;23.7199
15.05.08;23.8521
16.05.08;23.8482
17.05.08;23.8391
20.05.08;23.7238
21.05.08;23.7462
22.05.08;23.6874
23.05.08;23.5758
24.05.08;23.6007
27.05.08;23.5483
28.05.08;23.5513
29.05.08;23.5847
30.05.08;23.6659
31.05.08;23.7384
03.06.08;23.7473
04.06.08;23.6968
05.06.08;23.8019
06.06.08;23.8116
07.06.08;23.6809
08.06.08;23.5651
10.06.08;23.521
11.06.08;23.6109
12.06.08;23.6748
17.06.08;23.7795
18.06.08;23.6402
19.06.08;23.6586
20.06.08;23.5979
21.06.08;23.6288
24.06.08;23.5908
25.06.08;23.6223
26.06.08;23.6113
27.06.08;23.5245
28.06.08;23.4573
01.07.08;23.4068
02.07.08;23.4689
03.07.08;23.4147
04.07.08;23.3759
05.07.08;23.5125
08.07.08;23.5589
09.07.08;23.5024
10.07.08;23.4147
11.07.08;23.4363
12.07.08;23.3727
15.07.08;23.23
16.07.08;23.1255
17.07.08;23.1638
18.07.08;23.225
19.07.08;23.1937
22.07.08;23.212
23.07.08;23.196
24.07.08;23.322
25.07.08;23.3782
26.07.08;23.3572
29.07.08;23.361
30.07.08;23.3278
31.07.08;23.4456
01.08.08;23.4186
02.08.08;23.4697
05.08.08;23.4039
06.08.08;23.4354
07.08.08;23.5142
08.08.08;23.5816
09.08.08;23.8782
12.08.08;24.5697
13.08.08;24.3424
14.08.08;24.1559
15.08.08;24.2901
16.08.08;24.5054
19.08.08;24.4898
20.08.08;24.5703
21.08.08;24.4316
22.08.08;24.3013
23.08.08;24.2699
26.08.08;24.4389
27.08.08;24.5803
28.08.08;24.6019
29.08.08;24.5474
30.08.08;24.5769
02.09.08;24.667
03.09.08;24.7184
04.09.08;24.8739
05.09.08;25.2144
06.09.08;25.4552
09.09.08;25.2626
10.09.08;25.5814
11.09.08;25.5761
12.09.08;25.7842
13.09.08;25.7013
16.09.08;25.3938
17.09.08;25.5064
18.09.08;25.5245
19.09.08;25.4307
20.09.08;25.4863
23.09.08;25.269
24.09.08;24.9864
25.09.08;25.0703
26.09.08;24.8982
27.09.08;25.0221
30.09.08;25.2464
01.10.08;25.3718
02.10.08;25.6023
03.10.08;25.8213
04.10.08;25.8993
07.10.08;26.1784
08.10.08;26.1791
09.10.08;26.1629
10.10.08;26.0695
11.10.08;26.208
14.10.08;26.1111
15.10.08;26.0871
16.10.08;26.1347
17.10.08;26.3691
18.10.08;26.2505
21.10.08;26.0561
22.10.08;26.4417
23.10.08;26.9215
24.10.08;26.9793
25.10.08;27.0596
28.10.08;27.3507
29.10.08;27.3018
30.10.08;27.0979
31.10.08;26.543
01.11.08;27.0981
02.11.08;27.0793
06.11.08;26.9146
07.11.08;26.9114
08.11.08;27.0041
11.11.08;26.9639
12.11.08;27.3399
13.11.08;27.4704
14.11.08;27.6704
15.11.08;27.3386
18.11.08;27.4374
19.11.08;27.4301
20.11.08;27.4413
21.11.08;27.5715
22.11.08;27.5665
25.11.08;27.6613
26.11.08;27.3913
27.11.08;27.3563
28.11.08;27.4216
29.11.08;27.606
02.12.08;27.9409
03.12.08;28.0166
04.12.08;27.9212
05.12.08;27.9576
06.12.08;28.0916
09.12.08;28.0043
10.12.08;28.0029
11.12.08;27.8671
12.12.08;27.931
13.12.08;27.8077
16.12.08;27.816
17.12.08;27.6009
18.12.08;27.5199
19.12.08;27.6095
20.12.08;27.7351
23.12.08;28.2682
24.12.08;28.3359
25.12.08;28.6119
26.12.08;28.6735
27.12.08;29.0058
30.12.08;29.23
31.12.08;29.3804
01.01.09;29.3916
12.01.09;30.5331
13.01.09;30.9981
14.01.09;31.2226
15.01.09;31.5616
16.01.09;32.2135
17.01.09;32.5747
20.01.09;32.9085
21.01.09;33.4154
22.01.09;32.643
23.01.09;32.7991
24.01.09;32.8926
27.01.09;32.9018
28.01.09;32.9979
29.01.09;33.2155
30.01.09;34.6847
31.01.09;35.4146
03.02.09;36.1767
04.02.09;36.129
05.02.09;36.0135
06.02.09;36.3095
07.02.09;36.3798
10.02.09;36.1258
11.02.09;35.9285
12.02.09;35.8323
13.02.09;34.8003
14.02.09;34.5578
17.02.09;34.7797
18.02.09;35.6345
19.02.09;36.4267
20.02.09;36.091
21.02.09;36.076
25.02.09;36.0254
26.02.09;35.7442
27.02.09;35.7223
28.02.09;35.7205
03.03.09;36.1644
04.03.09;36.2054
05.03.09;36.2284
06.03.09;35.8899
07.03.09;35.7374
11.03.09;35.4534
12.03.09;35.1164
13.03.09;35.2944
14.03.09;34.8316
17.03.09;34.8388
18.03.09;34.5318
19.03.09;34.4203
20.03.09;33.8222
21.03.09;33.423
24.03.09;33.3034
25.03.09;33.2726
26.03.09;33.7268
27.03.09;33.4668
28.03.09;33.4133
31.03.09;34.0134
01.04.09;33.9032
02.04.09;33.9456
03.04.09;33.7636
04.04.09;33.4095
07.04.09;33.1743
08.04.09;33.384
09.04.09;33.7781
10.04.09;33.5334
11.04.09;33.6309
14.04.09;33.4863
15.04.09;33.3887
16.04.09;33.4507
17.04.09;33.4184
18.04.09;33.4677
21.04.09;33.5371
22.04.09;34.1043
23.04.09;34.0597
24.04.09;33.7848
25.04.09;33.4187
28.04.09;33.3904
29.04.09;33.5533
30.04.09;33.2491
01.05.09;32.974
05.05.09;32.9672
06.05.09;32.8146
07.05.09;32.8883
08.05.09;32.7915
09.05.09;32.5534
13.05.09;32.2817
14.05.09;31.9841
15.05.09;32.1677
16.05.09;32.0797
19.05.09;32.2919
20.05.09;31.9498
21.05.09;31.8009
22.05.09;31.4586
23.05.09;31.1998
26.05.09;31.0516
27.05.09;31.1465
28.05.09;31.1846
29.05.09;31.3259
30.05.09;30.9843
02.06.09;30.7441
03.06.09;30.7321
04.06.09;30.5131
05.06.09;30.8767
06.06.09;30.6919
09.06.09;31.0751
10.06.09;31.2637
11.06.09;30.9277
12.06.09;30.9124
16.06.09;31.1548
17.06.09;31.3185
18.06.09;31.1297
19.06.09;31.0998
20.06.09;31.1541
23.06.09;31.2408
24.06.09;31.5765
25.06.09;31.1365
26.06.09;31.2037
27.06.09;31.1184
30.06.09;31.2904
01.07.09;31.0385
02.07.09;31.1904
03.07.09;31.1252
04.07.09;31.2481
07.07.09;31.4143
08.07.09;31.4695
09.07.09;31.7819
10.07.09;31.8878
11.07.09;32.0353
14.07.09;33.0597
15.07.09;32.5072
16.07.09;32.047
17.07.09;31.6943
18.07.09;31.7837
21.07.09;31.3733
22.07.09;31.1791
23.07.09;31.0785
24.07.09;31.076
25.07.09;31.1372
28.07.09;30.7457
29.07.09;30.6431
30.07.09;31.4162
31.07.09;31.7555
01.08.09;31.1533
04.08.09;31.2424
05.08.09;31.0484
06.08.09;31.1326
07.08.09;31.1814
08.08.09;31.5473
11.08.09;31.6503
12.08.09;31.7477
13.08.09;32.6926
14.08.09;32.1457
15.08.09;31.7226
18.08.09;32.2874
19.08.09;31.9187
20.08.09;31.9191
21.08.09;31.6011
22.08.09;31.9443
25.08.09;31.5544
26.08.09;31.5437
27.08.09;31.4007
28.08.09;31.6405
29.08.09;31.5687
01.09.09;31.8397
02.09.09;31.7743
03.09.09;31.973
04.09.09;31.7679
05.09.09;31.6062
08.09.09;31.4298
09.09.09;31.3754
10.09.09;31.1452
11.09.09;30.8851
12.09.09;30.7246
15.09.09;30.8617
16.09.09;30.9895
17.09.09;30.6067
18.09.09;30.3881
19.09.09;30.3744
22.09.09;30.3711
23.09.09;30.2385
24.09.09;30.0004
25.09.09;30.0678
26.09.09;30.137
29.09.09;30.1985
30.09.09;30.0922
01.10.09;30.0087
02.10.09;30.0621
03.10.09;30.124
06.10.09;30.0785
07.10.09;29.8322
08.10.09;29.7819
09.10.09;29.6396
10.10.09;29.609
13.10.09;29.5945
14.10.09;29.5043
15.10.09;29.4651
16.10.09;29.3206
17.10.09;29.3281
20.10.09;29.3553
21.10.09;29.1911
22.10.09;29.1641
23.10.09;29.0858
24.10.09;29.0003
27.10.09;28.9403
28.10.09;29.0184
29.10.09;29.1749
30.10.09;29.3441
31.10.09;29.0488
03.11.09;29.1944
04.11.09;29.2337
06.11.09;29.133
07.11.09;29.0156
10.11.09;28.8497
11.11.09;28.7391
12.11.09;28.7007
13.11.09;28.6701
14.11.09;28.8345
17.11.09;28.6705
18.11.09;28.6768
19.11.09;28.7163
20.11.09;28.7459
21.11.09;28.8554
24.11.09;28.7986
25.11.09;28.8481
26.11.09;28.7909
27.11.09;28.8751
28.11.09;29.8179
01.12.09;29.0687
02.12.09;29.1771
03.12.09;29.056
04.12.09;29.2427
05.12.09;29.1979
08.12.09;29.5221
09.12.09;30.1839
10.12.09;30.7562
11.12.09;30.6268
12.12.09;30.2107
15.12.09;30.0481
16.12.09;30.0678
17.12.09;30.1978
18.12.09;30.4392
19.12.09;30.7187
22.12.09;30.5529
23.12.09;30.4439
24.12.09;30.5007
25.12.09;29.9292
26.12.09;29.4266
29.12.09;29.5952
30.12.09;29.8491
31.12.09;30.2442
01.01.10;30.1851
12.01.10;29.4283
13.01.10;29.3774
14.01.10;29.6409
15.01.10;29.4299
16.01.10;29.5603
19.01.10;29.5963
20.01.10;29.5184
21.01.10;29.6941
22.01.10;29.7486
23.01.10;29.7458
26.01.10;30.0946
27.01.10;30.3136
28.01.10;30.2921
29.01.10;30.3631
30.01.10;30.4312
02.02.10;30.3996
03.02.10;30.183
04.02.10;29.8779
05.02.10;30.0054
06.02.10;30.4666
09.02.10;30.5158
10.02.10;30.3735
11.02.10;30.2462
12.02.10;30.1245
13.02.10;30.1595
16.02.10;30.2207
17.02.10;30.1176
18.02.10;29.9761
19.02.10;30.1138
20.02.10;30.151
25.02.10;30.0309
26.02.10;30.0521
27.02.10;30.0388
28.02.10;29.9484
02.03.10;29.93
03.03.10;29.9779
04.03.10;29.814
05.03.10;29.8217
06.03.10;29.8366
10.03.10;29.7499
11.03.10;29.7249
12.03.10;29.5195
13.03.10;29.3897
16.03.10;29.3353
17.03.10;29.4242
18.03.10;29.1927
19.03.10;29.2223
20.03.10;29.2565
23.03.10;29.3389
24.03.10;29.4707
25.03.10;29.5764
26.03.10;29.6572
27.03.10;29.5142
30.03.10;29.6309
31.03.10;29.3638
01.04.10;29.4956
02.04.10;29.4394
03.04.10;29.2194
06.04.10;29.2097
07.04.10;29.2416
08.04.10;29.294
09.04.10;29.4003
10.04.10;29.3232
13.04.10;28.9428
14.04.10;29.0294
15.04.10;29.0444
16.04.10;28.931
17.04.10;29.0325
20.04.10;29.1969
21.04.10;29.1381
22.04.10;29.0906
23.04.10;29.1288
24.04.10;29.2743
27.04.10;29.0882
28.04.10;29.0623
29.04.10;29.3801
30.04.10;29.2886
01.05.10;29.1537
05.05.10;29.2982
06.05.10;29.6812
07.05.10;30.2971
08.05.10;30.7193
12.05.10;30.3609
13.05.10;30.2048
14.05.10;29.8597
15.05.10;30.0575
18.05.10;30.6986
19.05.10;30.3946
20.05.10;30.6953
21.05.10;30.7523
22.05.10;31.0576
25.05.10;30.8754
26.05.10;31.4293
27.05.10;31.3538
28.05.10;30.8786
29.05.10;30.4956
01.06.10;30.74
02.06.10;31.0702
03.06.10;31.19
04.06.10;30.8938
05.06.10;31.0685
08.06.10;31.7798
09.06.10;31.62
10.06.10;31.7302
11.06.10;31.5742
12.06.10;31.4471
16.06.10;31.4595
17.06.10;31.1566
18.06.10;31.1854
19.06.10;30.884
22.06.10;30.7267
23.06.10;30.896
24.06.10;30.9694
25.06.10;31.0149
26.06.10;31.0761
29.06.10;30.9833
30.06.10;31.1954
01.07.10;31.2554
02.07.10;31.3703
03.07.10;31.1942
06.07.10;31.1124
07.07.10;31.1124
08.07.10;31.0922
09.07.10;30.9479
10.07.10;30.7953
13.07.10;30.8823
14.07.10;30.8543
15.07.10;30.539
16.07.10;30.5619
17.07.10;30.4615
20.07.10;30.5739
21.07.10;30.4058
22.07.10;30.4059
23.07.10;30.5205
24.07.10;30.3839
27.07.10;30.3006
28.07.10;30.2391
29.07.10;30.2066
30.07.10;30.2173
31.07.10;30.1869
03.08.10;30.1861
04.08.10;29.9681
05.08.10;29.7958
06.08.10;29.8633
07.08.10;29.8312
10.08.10;29.8186
11.08.10;30.0239
12.08.10;30.205
13.08.10;30.4493
14.08.10;30.4199
17.08.10;30.5199
18.08.10;30.4514
19.08.10;30.4257
20.08.10;30.4636
21.08.10;30.5099
24.08.10;30.6041
25.08.10;30.7559
26.08.10;30.8958
27.08.10;30.8227
28.08.10;30.6969
31.08.10;30.664
01.09.10;30.8669
02.09.10;30.8001
03.09.10;30.6858
04.09.10;30.6922
07.09.10;30.5771
08.09.10;30.7319
09.09.10;30.8873
10.09.10;30.8801
11.09.10;30.8937
14.09.10;30.6831
15.09.10;30.7049
16.09.10;30.7407
17.09.10;31.0223
18.09.10;31.0826
21.09.10;30.9809
22.09.10;31.0814
23.09.10;30.9826
24.09.10;31.0031
25.09.10;30.948
28.09.10;30.6119
29.09.10;30.6013
30.09.10;30.403
01.10.10;30.5126
02.10.10;30.5094
05.10.10;30.496
06.10.10;30.436
07.10.10;29.8929
08.10.10;29.6334
09.10.10;29.9086
12.10.10;29.8317
13.10.10;30.0763
14.10.10;30.1269
15.10.10;29.9315
16.10.10;30.1243
19.10.10;30.5237
20.10.10;30.4151
21.10.10;30.7968
22.10.10;30.7348
23.10.10;30.4977
26.10.10;30.2258
27.10.10;30.4
28.10.10;30.5682
29.10.10;30.6786
30.10.10;30.7821
02.11.10;30.7738
03.11.10;30.7941
04.11.10;30.7709
09.11.10;30.8029
10.11.10;30.8612
11.11.10;30.6925
12.11.10;30.5107
13.11.10;30.7722
14.11.10;30.8414
16.11.10;30.8632
17.11.10;31.056
18.11.10;31.3487
19.11.10;31.1999
20.11.10;30.949
23.11.10;30.995
24.11.10;31.2642
25.11.10;31.2929
26.11.10;31.2842
27.11.10;31.3539
30.11.10;31.3061
01.12.10;31.3335
02.12.10;31.4555
03.12.10;31.3518
04.12.10;31.2641
07.12.10;31.2867
08.12.10;31.2238
09.12.10;31.243
10.12.10;30.9831
11.12.10;30.8604
14.12.10;30.9006
15.12.10;30.7447
16.12.10;30.7199
17.12.10;30.7528
18.12.10;30.6682
21.12.10;30.7746
22.12.10;30.7188
23.12.10;30.7187
24.12.10;30.5922
25.12.10;30.5778
28.12.10;30.4495
29.12.10;30.272
30.12.10;30.3592
31.12.10;30.4769
01.01.11;30.3505
12.01.11;30.6252
13.01.11;30.3988
14.01.11;30.0926
15.01.11;29.954
18.01.11;30.0534
19.01.11;29.8881
20.01.11;29.8252
21.01.11;29.9147
22.01.11;30.0109
25.01.11;29.8516
26.01.11;29.7948
27.01.11;29.7768
28.01.11;29.6738
29.01.11;29.6684
01.02.11;29.8018
02.02.11;29.6548
03.02.11;29.4219
04.02.11;29.3489
05.02.11;29.4136
08.02.11;29.3689
09.02.11;29.255
10.02.11;29.301
11.02.11;29.3535
12.02.11;29.32
15.02.11;29.2583
16.02.11;29.285
17.02.11;29.2735
18.02.11;29.2447
19.02.11;29.2585
22.02.11;29.1549
23.02.11;29.2859
25.02.11;29.1611
26.02.11;28.9405
01.03.11;28.9028
02.03.11;28.7569
03.03.11;28.6277
04.03.11;28.3228
05.03.11;28.188
06.03.11;28.1717
10.03.11;28.2945
11.03.11;28.4356
12.03.11;28.6317
15.03.11;28.664
16.03.11;28.7263
17.03.11;28.6582
18.03.11;28.7422
19.03.11;28.4763
22.03.11;28.3675
23.03.11;28.1561
24.03.11;28.27
25.03.11;28.4015
26.03.11;28.2237
29.03.11;28.411
30.03.11;28.3436
31.03.11;28.429
01.04.11;28.5162
02.04.11;28.3684
05.04.11;28.2277
06.04.11;28.3113
07.04.11;28.2164
08.04.11;28.2286
09.04.11;28.1211
12.04.11;27.9758
13.04.11;28.1456
14.04.11;28.1145
15.04.11;28.1886
16.04.11;28.2212
19.04.11;28.1636
20.04.11;28.4213
21.04.11;28.1457
22.04.11;27.9398
23.04.11;27.9396
26.04.11;27.9924
27.04.11;27.8964
28.04.11;27.7144
29.04.11;27.4977
30.04.11;27.5022
04.05.11;27.3348
05.05.11;27.3675
06.05.11;27.2625
07.05.11;27.6635
11.05.11;27.8645
12.05.11;27.6288
13.05.11;27.9472
14.05.11;27.8497
17.05.11;28.122
18.05.11;28.1177
19.05.11;28.0466
20.05.11;27.9608
21.05.11;27.9145
24.05.11;28.3418
25.05.11;28.437
26.05.11;28.4794
27.05.11;28.228
28.05.11;28.1166
31.05.11;28.0685
01.06.11;27.9805
02.06.11;27.9682
03.06.11;28.0419
04.06.11;27.8751
07.06.11;27.7752
08.06.11;27.7814
09.06.11;27.6847
10.06.11;27.7033
11.06.11;27.7907
15.06.11;27.8984
16.06.11;27.8957
17.06.11;28.19
18.06.11;28.1778
21.06.11;28.1783
22.06.11;28.0118
23.06.11;27.896
24.06.11;28.0568
25.06.11;28.1655
28.06.11;28.3478
29.06.11;28.2352
30.06.11;28.0758
01.07.11;27.8726
02.07.11;27.8536
05.07.11;27.8037
06.07.11;27.8622
07.07.11;27.8907
08.07.11;27.9853
09.07.11;27.888
12.07.11;28.0839
13.07.11;28.3842
14.07.11;28.2557
15.07.11;28.061
16.07.11;28.1277
19.07.11;28.1775
20.07.11;28.1505
21.07.11;28.0466
22.07.11;27.908
23.07.11;27.7169
26.07.11;27.7413
27.07.11;27.546
28.07.11;27.4439
29.07.11;27.5907
30.07.11;27.6796
02.08.11;27.5204
03.08.11;27.8154
04.08.11;27.8996
05.08.11;27.8432
06.08.11;28.3382
09.08.11;28.521
10.08.11;29.4166
11.08.11;29.3065
12.08.11;29.417
13.08.11;29.4452
16.08.11;28.8576
17.08.11;28.7032
18.08.11;28.7207
19.08.11;28.9115
20.08.11;29.2709
23.08.11;29.2555
24.08.11;28.9547
25.08.11;28.9037
26.08.11;28.8825
27.08.11;28.8717
30.08.11;28.7108
31.08.11;28.8569
01.09.11;28.9278
02.09.11;28.8911
03.09.11;29.0604
06.09.11;29.3436
07.09.11;29.6107
08.09.11;29.4905
09.09.11;29.5015
10.09.11;29.6904
13.09.11;30.3034
14.09.11;30.1872
15.09.11;30.3643
16.09.11;30.5042
17.09.11;30.5328
20.09.11;30.868
21.09.11;31.496
22.09.11;31.4122
23.09.11;31.9106
24.09.11;32.1083
27.09.11;32.4619
28.09.11;32.2201
29.09.11;31.818
30.09.11;31.8751
01.10.11;32.11
04.10.11;32.589
05.10.11;32.6799
06.10.11;32.6374
07.10.11;32.5085
08.10.11;32.2005
11.10.11;32.0096
12.10.11;31.427
13.10.11;31.4151
14.10.11;31.2014
15.10.11;30.9905
18.10.11;30.737
19.10.11;30.9694
20.10.11;30.9257
21.10.11;31.3788
22.10.11;31.3361
25.10.11;30.8255
26.10.11;30.4971
27.10.11;30.5732
28.10.11;30.2421
29.10.11;29.8977
01.11.11;30.1245
02.11.11;30.6448
03.11.11;30.683
04.11.11;30.8438
08.11.11;30.5694
09.11.11;30.5014
10.11.11;30.1033
11.11.11;30.8454
12.11.11;30.5282
15.11.11;30.2921
16.11.11;30.66
17.11.11;30.8417
18.11.11;30.7337
19.11.11;30.919
22.11.11;30.9693
23.11.11;31.0612
24.11.11;31.2133
25.11.11;31.4365
26.11.11;31.5788
29.11.11;31.4117
30.11.11;31.3216
01.12.11;31.4001
02.12.11;30.8486
03.12.11;30.8099
06.12.11;30.9068
07.12.11;31.1026
08.12.11;31.1527
09.12.11;31.2308
10.12.11;31.5691
13.12.11;31.4134
14.12.11;31.6704
15.12.11;31.7655
16.12.11;31.8957
17.12.11;31.7701
20.12.11;32.0323
21.12.11;32.0519
22.12.11;31.7645
23.12.11;31.5634
24.12.11;31.2575
27.12.11;31.2266
28.12.11;31.0847
29.12.11;31.5633
30.12.11;32.0197
31.12.11;32.1961
11.01.12;31.8729
12.01.12;31.6886
13.01.12;31.6807
14.01.12;31.583
17.01.12;31.9344
18.01.12;31.5445
19.01.12;31.5428
20.01.12;31.4777
21.01.12;31.2879
24.01.12;31.3325
25.01.12;30.8752
26.01.12;30.667
27.01.12;30.36
28.01.12;30.3626
31.01.12;30.3647
01.02.12;30.3131
02.02.12;30.4067
03.02.12;30.1855
04.02.12;30.2385
07.02.12;30.2324
08.02.12;30.0871
09.02.12;29.693
10.02.12;29.6795
11.02.12;29.8923
14.02.12;29.8873
15.02.12;30.0868
16.02.12;29.944
17.02.12;30.2098
18.02.12;29.9982
21.02.12;29.7805
22.02.12;29.7796
23.02.12;29.7692
25.02.12;29.449
28.02.12;29.1264
29.02.12;28.9503
01.03.12;29.0253
02.03.12;29.2889
03.03.12;29.296
06.03.12;29.2892
07.03.12;29.4508
08.03.12;29.6621
12.03.12;29.5406
13.03.12;29.6666
14.03.12;29.5091
15.03.12;29.5125
16.03.12;29.5822
17.03.12;29.3578
20.03.12;29.2224
21.03.12;29.1652
22.03.12;29.2079
23.03.12;29.2447
24.03.12;29.4038
27.03.12;29.2311
28.03.12;28.9468
29.03.12;29.0845
30.03.12;29.2853
31.03.12;29.3282
03.04.12;29.3479
04.04.12;29.2944
05.04.12;29.4285
06.04.12;29.4303
07.04.12;29.4606
10.04.12;29.6358
11.04.12;29.6359
12.04.12;29.8033
13.04.12;29.569
14.04.12;29.4711
17.04.12;29.7614
18.04.12;29.6368
19.04.12;29.4978
20.04.12;29.5122
21.04.12;29.5214
24.04.12;29.488
25.04.12;29.4549
26.04.12;29.2962
27.04.12;29.277
28.04.12;29.4234
29.04.12;29.3627
03.05.12;29.3708
04.05.12;29.463
05.05.12;29.5937
06.05.12;29.8075
11.05.12;30.1891
12.05.12;30.2306
13.05.12;30.1793
15.05.12;30.2652
16.05.12;30.3299
17.05.12;30.9758
18.05.12;30.9417
19.05.12;31.3921
22.05.12;31.1582
23.05.12;31.0644
24.05.12;31.3803
25.05.12;31.6247
26.05.12;31.7572
29.05.12;31.827
30.05.12;32.086
31.05.12;32.4509
01.06.12;32.9173
02.06.12;33.7384
05.06.12;34.0395
06.06.12;33.2001
07.06.12;32.7889
08.06.12;32.1922
09.06.12;32.7358
10.06.12;32.5862
14.06.12;32.7331
15.06.12;32.5766
16.06.12;32.3945
19.06.12;32.1315
20.06.12;32.5315
21.06.12;32.5166
22.06.12;32.9054
23.06.12;33.5191
26.06.12;33.1693
27.06.12;33.1732
28.06.12;32.8384
29.06.12;32.9412
30.06.12;32.8169
03.07.12;32.5287
04.07.12;32.4789
05.07.12;32.2065
06.07.12;32.4727
07.07.12;32.624
10.07.12;32.9907
11.07.12;32.9754
12.07.12;32.8282
13.07.12;32.7177
14.07.12;32.659
17.07.12;32.6208
18.07.12;32.4955
19.07.12;32.4041
20.07.12;32.0764
21.07.12;31.9509
24.07.12;32.376
25.07.12;32.6324
26.07.12;32.9657
27.07.12;32.6224
28.07.12;32.2131
31.07.12;32.1881
01.08.12;32.2058
02.08.12;32.3322
03.08.12;32.4563
04.08.12;32.5361
07.08.12;31.9451
08.08.12;31.6644
09.08.12;31.6907
10.08.12;31.4807
11.08.12;31.8974
14.08.12;31.8707
15.08.12;31.7739
16.08.12;31.8532
17.08.12;31.9011
18.08.12;31.8469
21.08.12;32.0165
22.08.12;31.9606
23.08.12;31.8056
24.08.12;31.683
25.08.12;31.8099
28.08.12;31.8703
29.08.12;32.0183
30.08.12;32.0942
31.08.12;32.2934
01.09.12;32.5669
04.09.12;32.4171
05.09.12;32.1995
06.09.12;32.4608
07.09.12;32.1998
08.09.12;32.0142
11.09.12;31.7221
12.09.12;31.7768
13.09.12;31.478
14.09.12;31.3992
15.09.12;30.8181
18.09.12;30.5867
19.09.12;30.8795
20.09.12;30.8634
21.09.12;31.5758
22.09.12;31.1667
25.09.12;31.2513
26.09.12;31.1608
27.09.12;31.2221
28.09.12;31.1951
29.09.12;30.9169
02.10.12;31.2538
03.10.12;31.135
04.10.12;31.1944
05.10.12;31.121
06.10.12;30.9744
09.10.12;31.0777
10.10.12;31.0994
11.10.12;31.2017
12.10.12;31.1667
13.10.12;30.9738
16.10.12;31.0791
17.10.12;30.9493
18.10.12;30.7964
19.10.12;30.7195
20.10.12;30.7823
23.10.12;30.9084
24.10.12;31.1171
25.10.12;31.3039
26.10.12;31.2499
27.10.12;31.478
30.10.12;31.4373
31.10.12;31.5252
01.11.12;31.3743
02.11.12;31.3666
03.11.12;31.3817
07.11.12;31.5195
08.11.12;31.3033
09.11.12;31.5146
10.11.12;31.4962
13.11.12;31.6053
14.11.12;31.7164
15.11.12;31.7267
16.11.12;31.6919
17.11.12;31.7184
20.11.12;31.6677
21.11.12;31.4263
22.11.12;31.4218
23.11.12;31.1525
24.11.12;31.1325
27.11.12;31.0201
28.11.12;30.941
29.11.12;31.1408
30.11.12;31.0565
01.12.12;30.811
04.12.12;30.8365
05.12.12;30.994
06.12.12;30.8235
07.12.12;30.9107
08.12.12;30.967
11.12.12;30.8686
12.12.12;30.7506
13.12.12;30.7321
14.12.12;30.6034
15.12.12;30.6892
18.12.12;30.7696
19.12.12;30.9859
20.12.12;30.7606
21.12.12;30.7592
22.12.12;30.7194
25.12.12;30.8046
26.12.12;30.5926
27.12.12;30.615
28.12.12;30.4808
29.12.12;30.3727
30.12.12;30.3727
10.01.13;30.4215
11.01.13;30.365
12.01.13;30.2537
15.01.13;30.2607
16.01.13;30.2556
17.01.13;30.3399
18.01.13;30.3431
19.01.13;30.2065
22.01.13;30.297
23.01.13;30.195
24.01.13;30.2292
25.01.13;30.1648
26.01.13;30.0451
29.01.13;30.0782
30.01.13;30.1513
31.01.13;30.0277
01.02.13;30.0161
02.02.13;29.9966
05.02.13;29.9251
06.02.13;30.1231
07.02.13;29.9598
08.02.13;30.0496
09.02.13;30.1575
12.02.13;30.159
13.02.13;30.1713
14.02.13;30.0692
15.02.13;30.0773
16.02.13;30.1139
19.02.13;30.1258
20.02.13;30.1277
21.02.13;30.0502
22.02.13;30.2337
23.02.13;30.3596
26.02.13;30.3368
27.02.13;30.5889
28.02.13;30.6202
01.03.13;30.5124
02.03.13;30.6381
05.03.13;30.787
06.03.13;30.6963
07.03.13;30.6214
08.03.13;30.7628
12.03.13;30.7576
13.03.13;30.7499
14.03.13;30.7209
15.03.13;30.7769
16.03.13;30.7196
19.03.13;30.8908
20.03.13;30.8285
21.03.13;30.9446
22.03.13;30.8923
23.03.13;30.9325
26.03.13;30.7585
27.03.13;30.8734
28.03.13;30.863
29.03.13;30.9962
30.03.13;31.0834
02.04.13;31.1093
03.04.13;31.1178
04.04.13;31.3918
05.04.13;31.7203
06.04.13;31.6207
09.04.13;31.6144
10.04.13;31.2086
11.04.13;31.0036
12.04.13;30.8814
13.04.13;30.9308
16.04.13;31.3051
17.04.13;31.4512
18.04.13;31.232
19.04.13;31.7151
20.04.13;31.4605
23.04.13;31.5664
24.04.13;31.6414
25.04.13;31.5917
26.04.13;31.3169
27.04.13;31.2196
30.04.13;31.2559
01.05.13;31.0433
07.05.13;31.0839
08.05.13;31.0789
09.05.13;31.0829
14.05.13;31.3777
15.05.13;31.2778
16.05.13;31.4281
17.05.13;31.4166
18.05.13;31.3931
21.05.13;31.3406
22.05.13;31.177
23.05.13;31.228
24.05.13;31.4711
25.05.13;31.3164
28.05.13;31.3025
29.05.13;31.3784
30.05.13;31.5203
31.05.13;31.5893
01.06.13;31.7979
04.06.13;32.0487
05.06.13;31.8344
06.06.13;31.9816
07.06.13;32.1385
08.06.13;32.2397
11.06.13;32.3246
12.06.13;32.3951
14.06.13;32.3467
15.06.13;31.8029
18.06.13;31.679
19.06.13;31.8824
20.06.13;32.1201
21.06.13;32.7041
22.06.13;32.7433
25.06.13;32.9097
26.06.13;32.714
27.06.13;32.8876
28.06.13;32.8766
29.06.13;32.709
02.07.13;32.8517
03.07.13;32.9475
04.07.13;33.2204
05.07.13;33.1605
06.07.13;33.2247
09.07.13;33.321
10.07.13;33.0842
11.07.13;32.9112
12.07.13;32.5867
13.07.13;32.6429
16.07.13;32.622
17.07.13;32.5417
18.07.13;32.4526
19.07.13;32.3998
20.07.13;32.4288
23.07.13;32.3236
24.07.13;32.3106
25.07.13;32.3462
26.07.13;32.5376
27.07.13;32.6371
30.07.13;32.8556
31.07.13;32.8901
01.08.13;33.033
02.08.13;32.9741
03.08.13;33.0978
06.08.13;32.8811
07.08.13;32.939
08.08.13;32.9848
09.08.13;32.9401
10.08.13;32.8606
13.08.13;32.891
14.08.13;33.0426
15.08.13;33.1583
16.08.13;33.0004
17.08.13;32.9421
20.08.13;32.9226
21.08.13;33.0006
22.08.13;32.9737
23.08.13;33.1908
24.08.13;33.0552
27.08.13;32.9564
28.08.13;33.1224
29.08.13;33.1798
30.08.13;33.1783
31.08.13;33.2474
03.09.13;33.2522
04.09.13;33.3693
05.09.13;33.4656
06.09.13;33.3901
07.09.13;33.4338
10.09.13;33.3243
11.09.13;33.06
12.09.13;32.9629
13.09.13;32.6731
14.09.13;32.7406
17.09.13;32.2907
18.09.13;32.3237
19.09.13;32.245
20.09.13;31.5892
21.09.13;31.7326
24.09.13;31.9106
25.09.13;31.8167
26.09.13;31.9343
27.09.13;32.1736
28.09.13;32.3451
01.10.13;32.4839
02.10.13;32.2965
03.10.13;32.2979
04.10.13;32.125
05.10.13;32.1005
08.10.13;32.2931
09.10.13;32.2984
10.10.13;32.3619
11.10.13;32.3564
12.10.13;32.2133
15.10.13;32.2663
16.10.13;32.2676
17.10.13;32.2561
18.10.13;32.0816
19.10.13;31.846
22.10.13;31.9013
23.10.13;31.9346
24.10.13;31.7448
25.10.13;31.6618
26.10.13;31.6775
29.10.13;31.8119
30.10.13;31.9445
31.10.13;32.0613
01.11.13;32.0758
02.11.13;32.1808
06.11.13;32.3509
07.11.13;32.4511
08.11.13;32.3803
09.11.13;32.5479
12.11.13;32.6622
13.11.13;32.8076
14.11.13;32.8184
15.11.13;32.6874
16.11.13;32.6807
19.11.13;32.5658
20.11.13;32.6098
21.11.13;32.7417
22.11.13;33.018
23.11.13;32.9055
26.11.13;32.7733
27.11.13;32.9879
28.11.13;33.0041
29.11.13;33.1332
30.11.13;33.1916
03.12.13;33.1482
04.12.13;33.246
05.12.13;33.2632
06.12.13;33.114
07.12.13;32.9514
10.12.13;32.7782
11.12.13;32.7848
12.12.13;32.7315
13.12.13;32.7518
14.12.13;32.8663
17.12.13;32.8658
18.12.13;32.8646
19.12.13;32.9404
20.12.13;32.9527
21.12.13;32.9798
24.12.13;32.9506
25.12.13;32.6284
26.12.13;32.6487
27.12.13;32.671
28.12.13;32.6282
31.12.13;32.7292
01.01.14;32.6587
10.01.14;33.1547
11.01.14;33.2062
14.01.14;33.1204
15.01.14;33.2386
16.01.14;33.3562
17.01.14;33.4013
18.01.14;33.4343
21.01.14;33.6429
22.01.14;33.8161
23.01.14;33.8688
24.01.14;34.0334
25.01.14;34.26
28.01.14;34.7093
29.01.14;34.625
30.01.14;34.5633
31.01.14;35.2448
01.02.14;35.18
04.02.14;35.2347
05.02.14;35.4502
06.02.14;34.9592
07.02.14;34.7287
08.02.14;34.6044
11.02.14;34.7636
12.02.14;34.7964
13.02.14;34.7595
14.02.14;34.8611
15.02.14;35.2559
18.02.14;35.0976
19.02.14;35.2386
20.02.14;35.5857
21.02.14;35.767
22.02.14;35.6828
25.02.14;35.5112
26.02.14;35.5669
27.02.14;35.7872
28.02.14;36.0501
01.03.14;36.1847
04.03.14;36.3784
05.03.14;36.3208
06.03.14;36.0849
07.03.14;36.1251
08.03.14;36.2618
12.03.14;36.4015
13.03.14;36.4865
14.03.14;36.4566
15.03.14;36.6391
18.03.14;36.6505
19.03.14;36.4487
20.03.14;36.207
21.03.14;36.1081
22.03.14;36.4022
25.03.14;36.1663
26.03.14;35.9316
27.03.14;35.4494
28.03.14;35.581
29.03.14;35.6871
01.04.14;35.6053
02.04.14;35.024
03.04.14;35.2517
04.04.14;35.5154
05.04.14;35.501
08.04.14;35.4679
09.04.14;35.5475
10.04.14;35.7493
11.04.14;35.5581
12.04.14;35.6239
15.04.14;35.989
16.04.14;35.9635
17.04.14;36.0813
18.04.14;35.9287
19.04.14;35.5389
22.04.14;35.6688
23.04.14;35.6785
24.04.14;35.6625
25.04.14;35.683
26.04.14;35.9289
29.04.14;36.0245
30.04.14;35.6983
01.05.14;35.7227
06.05.14;35.8381
07.05.14;35.655
08.05.14;35.4971
09.05.14;35.0343
13.05.14;35.2091
14.05.14;34.8789
15.05.14;34.709
16.05.14;34.7005
17.05.14;34.7794
20.05.14;34.7394
21.05.14;34.6007
22.05.14;34.5078
23.05.14;34.2802
24.05.14;34.3139
27.05.14;34.0771
28.05.14;34.2571
29.05.14;34.4895
30.05.14;34.6481
31.05.14;34.7352
03.06.14;34.8887
04.06.14;35.0115
05.06.14;35.1398
06.06.14;34.9043
07.06.14;34.6573
10.06.14;34.3303
11.06.14;34.3681
12.06.14;34.3227
17.06.14;34.5654
18.06.14;34.8095
19.06.14;34.8232
20.06.14;34.3025
21.06.14;34.419
24.06.14;34.2797
25.06.14;33.9812
26.06.14;33.907
27.06.14;33.7508
28.06.14;33.6306
01.07.14;33.8434
02.07.14;34.2275
03.07.14;34.2496
04.07.14;34.1949
05.07.14;34.3236
08.07.14;34.5691
09.07.14;34.4258
10.07.14;34.0758
11.07.14;33.8353
12.07.14;34.0582
15.07.14;34.3135
16.07.14;34.3723
17.07.14;34.3853
18.07.14;34.7998
19.07.14;35.1627
22.07.14;35.09
23.07.14;35.0387
24.07.14;34.8101
25.07.14;35.0786
26.07.14;35.0535
29.07.14;35.3457
30.07.14;35.6339
31.07.14;35.7271
01.08.14;35.4438
02.08.14;35.7272
05.08.14;35.6605
06.08.14;35.7987
07.08.14;36.1102
08.08.14;36.2496
09.08.14;36.4461
12.08.14;36.0475
13.08.14;36.089
14.08.14;36.2222
15.08.14;36.0395
16.08.14;36.0014
19.08.14;36.0294
20.08.14;36.1094
21.08.14;36.224
22.08.14;36.3317
23.08.14;36.0027
26.08.14;36.1201
27.08.14;36.1358
28.08.14;36.1397
29.08.14;36.3053
30.08.14;36.9316
02.09.14;37.2945
03.09.14;37.348
04.09.14;37.3183
05.09.14;36.8038
06.09.14;36.9219
09.09.14;37.0866
10.09.14;37.0261
11.09.14;37.1693
12.09.14;37.3758
13.09.14;37.6545
16.09.14;37.9861
17.09.14;38.7058
18.09.14;38.3724
19.09.14;38.4209
20.09.14;38.4134
23.09.14;38.5782
24.09.14;38.6672
25.09.14;38.383
26.09.14;38.3007
27.09.14;38.7243
30.09.14;39.3866
01.10.14;39.3836
02.10.14;39.6604
03.10.14;39.5474
04.10.14;39.698
07.10.14;39.982
08.10.14;39.7417
09.10.14;39.9819
10.10.14;39.98
11.10.14;40.2125
14.10.14;40.3251
15.10.14;40.5304
16.10.14;40.9416
17.10.14;40.7457
18.10.14;41.045
21.10.14;40.8815
22.10.14;41.0501
23.10.14;40.9671
24.10.14;41.4958
25.10.14;41.8101
28.10.14;41.9497
29.10.14;42.3934
30.10.14;42.6525
31.10.14;43.3943
01.11.14;41.9627
06.11.14;44.3993
07.11.14;45.1854
08.11.14;47.8774
11.11.14;45.8926
12.11.14;45.952
13.11.14;46.3379
14.11.14;46.1233
15.11.14;47.392
18.11.14;47.3329
19.11.14;46.9797
20.11.14;47.0294
21.11.14;46.7047
22.11.14;45.7926
25.11.14;44.7852
26.11.14;44.9758
27.11.14;46.4244
28.11.14;47.6629
29.11.14;49.322
02.12.14;51.8068
03.12.14;50.7678
04.12.14;54.3821
05.12.14;52.6932
06.12.14;53.1088
09.12.14;53.3079
10.12.14;54.2116
11.12.14;54.2758
12.12.14;54.7932
13.12.14;56.8919
16.12.14;58.3461
17.12.14;61.1512
18.12.14;67.7851
19.12.14;59.6029
20.12.14;60.6825
23.12.14;56.494
24.12.14;54.5687
25.12.14;54.4913
26.12.14;52.6159
27.12.14;52.0343
30.12.14;56.6801
31.12.14;56.2584
01.01.15;56.2376
13.01.15;62.7363
14.01.15;64.8425
15.01.15;66.0983
16.01.15;64.8337
17.01.15;65.1738
20.01.15;64.9732
21.01.15;64.9862
22.01.15;65.5558
23.01.15;65.4
24.01.15;63.393
27.01.15;65.5937
28.01.15;67.8153
29.01.15;67.1506
30.01.15;68.7303
31.01.15;68.9291
03.02.15;69.664
04.02.15;67.7727
05.02.15;65.447
06.02.15;68.6113
07.02.15;66.0432
10.02.15;65.7817
11.02.15;65.4469
12.02.15;66.0585
13.02.15;66.0994
14.02.15;65.0862
17.02.15;62.6632
18.02.15;62.8353
19.02.15;62.4001
20.02.15;62.1307
21.02.15;61.7235
25.02.15;63.5083
26.02.15;62.5906
27.02.15;60.7109
28.02.15;61.2718
03.03.15;62.2248
04.03.15;62.3649
05.03.15;61.8745
06.03.15;61.8457
07.03.15;59.9938
11.03.15;60.6649
12.03.15;62.6797
13.03.15;60.9595
14.03.15;61.3167
17.03.15;62.1497
18.03.15;61.751
19.03.15;61.3483
20.03.15;59.8308
21.03.15;60.0341
24.03.15;59.4452
25.03.15;58.771
26.03.15;57.3879
27.03.15;56.4271
28.03.15;57.7279
31.03.15;58.4643
01.04.15;57.65
02.04.15;58.3536
03.04.15;56.9902
04.04.15;56.7534
07.04.15;56.5161
08.04.15;55.3328
09.04.15;54.027
10.04.15;52.5424
11.04.15;51.0678
14.04.15;52.422
15.04.15;51.9749
16.04.15;50.5033
17.04.15;49.6749
18.04.15;50.5295
21.04.15;51.5207
22.04.15;53.9728
23.04.15;53.6555
24.04.15;51.6011
25.04.15;50.2473
28.04.15;51.469
29.04.15;52.3041
30.04.15;51.7029
01.05.15;51.1388
06.05.15;51.7574
07.05.15;49.9816
08.05.15;50.3615
09.05.15;50.7511
13.05.15;50.914
14.05.15;49.5366
15.05.15;50.0774
16.05.15;50.0115
19.05.15;49.2175
20.05.15;49.1777
21.05.15;49.7919
22.05.15;49.9204
23.05.15;49.7901
26.05.15;49.8613
27.05.15;50.3223
28.05.15;51.0178
29.05.15;52.2907
30.05.15;52.9716
02.06.15;52.8213
03.06.15;53.4413
04.06.15;53.059
05.06.15;54.9908
06.06.15;56.2463
09.06.15;56.0435
10.06.15;55.91
11.06.15;54.8219
12.06.15;54.5285
16.06.15;55.2679
17.06.15;54.0409
18.06.15;53.8999
19.06.15;53.3301
20.06.15;53.8006
23.06.15;53.5569
24.06.15;54.2081
25.06.15;54.0746
26.06.15;54.6026
27.06.15;54.8126
30.06.15;55.524
01.07.15;55.8413
02.07.15;55.4756
03.07.15;55.6555
04.07.15;55.6049
07.07.15;56.4112
08.07.15;57.2192
09.07.15;57.2174
10.07.15;56.9803
11.07.15;56.6685
14.07.15;56.6079
15.07.15;56.9774
16.07.15;56.6642
17.07.15;56.9504
18.07.15;56.8423
21.07.15;56.8336
22.07.15;57.0025
23.07.15;57.0232
24.07.15;57.3578
25.07.15;58.0374
28.07.15;58.7816
29.07.15;60.2231
30.07.15;59.7665
31.07.15;58.9906
01.08.15;60.3458
04.08.15;62.4677
05.08.15;62.9182
06.08.15;62.7184
07.08.15;63.8644
08.08.15;63.8399
11.08.15;64.4977
12.08.15;63.2098
13.08.15;65.0169
14.08.15;63.9988
15.08.15;64.9363
18.08.15;65.5034
19.08.15;65.8289
20.08.15;65.7222
21.08.15;66.9608
22.08.15;68.1216
25.08.15;70.7465
26.08.15;69.9461
27.08.15;69.3142
28.08.15;67.4473
29.08.15;66.4779
01.09.15;66.7152
02.09.15;65.3495
03.09.15;66.6756
04.09.15;67.0102
05.09.15;67.685
08.09.15;68.4864
09.09.15;68.7932
10.09.15;67.6219
11.09.15;68.4961
12.09.15;68.0093
15.09.15;67.9571
16.09.15;67.1574
17.09.15;65.9273
18.09.15;65.3623
19.09.15;65.6445
22.09.15;66.1455
23.09.15;66.1747
24.09.15;66.041
25.09.15;66.5151
26.09.15;65.6727